{"cameraMode":{"drawMode":0,"name":"Shaded","section":"Shading Mode"},"sceneLighting":true,"audioPlay":false,"sceneViewState":{"showFog":true,"showMaterialUpdate":false,"showSkybox":true,"showFlares":true,"showImageEffects":true,"showParticleSystems":true},"in2DMode":false,"pivot":{"x":10.321762084960938,"y":24.819290161132814,"z":-19.31243896484375},"rotation":{"x":-0.25033190846443179,"y":0.21730032563209535,"z":-0.05776577070355415,"w":-0.9416887760162354},"size":2536.630126953125,"orthographic":false}