{"cameraMode":{"drawMode":0,"name":"Shaded","section":"Shading Mode"},"sceneLighting":true,"audioPlay":false,"sceneViewState":{"showFog":true,"showMaterialUpdate":false,"showSkybox":true,"showFlares":true,"showImageEffects":true,"showParticleSystems":true},"in2DMode":false,"pivot":{"x":1611.655517578125,"y":-163.205078125,"z":1011.9903564453125},"rotation":{"x":-0.5165550112724304,"y":0.23248372972011567,"z":-0.14813871681690217,"w":-0.810664713382721},"size":3688.676025390625,"orthographic":false}