{"cameraMode":{"drawMode":0,"name":"Shaded","section":"Shading Mode"},"sceneLighting":true,"audioPlay":false,"sceneViewState":{"showFog":true,"showMaterialUpdate":false,"showSkybox":true,"showFlares":true,"showImageEffects":true,"showParticleSystems":true},"in2DMode":false,"pivot":{"x":393.52203369140627,"y":-120.5478515625,"z":-299.6087341308594},"rotation":{"x":-0.3566257357597351,"y":-0.027457863092422487,"z":0.010487223044037819,"w":-0.9337849020957947},"size":416.2652587890625,"orthographic":false}